Accident_ID,District,Police_Station,Accident_DateTime,Latitude,Longitude,Road_Name,Road_Classification,Severity,No_of_Vehicles,Drivers_Killed,Drivers_Grievous_Injury,Drivers_Minor_Injury,Passengers_Killed,Passengers_Grievous_Injury,Passengers_Minor_Injury,Pedestrians_Killed,Pedestrians_Grievous_Injury,Pedestrians_Minor_Injury,Collision_Type,Collision_Feature,Weather_Condition,Light_Condition,Visibility,Traffic_Violation,Date,Year,Month,Hour,DayOfWeek,Month_Name,Severity_Score,Total_Killed,Total_Injured,Time_Category
ACC00262,Surat,Adajan PS,2022-12-30 04:08:00,24.192277,69.714336,SH-14,Rural Road,Damage Only,2,0,0,0,0,0,0,0,0,0,Head-On,Speed Breaker,Rainy,Daylight,Poor,Overloading,2022-12-30,2022,12,4,Friday,Dec,0,0,0,Night
ACC00266,Gandhinagar,Kalol PS,2022-10-25 21:59:00,20.617637,70.401186,SH-6,Urban Road,Damage Only,4,0,0,0,0,0,0,0,0,0,Side Impact,Pothole Area,Clear,Night - No Street Light,Moderate,No Helmet,2022-10-25,2022,10,21,Tuesday,Oct,0,0,0,Evening
ACC00267,Bhavnagar,Sihor PS,2023-06-22 01:59:00,21.018552,72.873723,SH-41,Rural Road,Minor,3,0,0,3,0,0,0,0,0,1,Head-On,Straight Road,Rainy,Night - Street Light On,Poor,Over Speeding,2023-06-22,2023,6,1,Thursday,Jun,1,0,4,Night
ACC00268,Mehsana,Kadi PS,2021-02-16 10:13:00,21.074626,72.827237,Airport Road,Urban Road,Damage Only,0,0,0,0,0,0,0,0,0,0,Hit & Run,Curve,Unknown,Daylight,Unknown,Unknown,2021-02-16,2021,2,10,Tuesday,Feb,0,0,0,Morning
ACC00269,Gandhinagar,Sector 7 PS,2021-05-04 09:12:00,22.942638,72.224975,NH-48,Urban Road,Grievous,3,0,2,2,0,1,0,0,1,0,Head-On,Junction/Intersection,Unknown,Night - No Street Light,Good,Over Speeding,2021-05-04,2021,5,9,Tuesday,May,2,0,6,Morning
ACC00270,Mehsana,Patan PS,2023-12-25 02:11:00,24.54724,72.588556,NH-48,District Road,Fatal,1,1,2,1,2,0,1,1,0,1,Rear-End,Junction/Intersection,Foggy,Dawn/Dusk,Unknown,Signal Jumping,2023-12-25,2023,12,2,Monday,Dec,3,4,5,Night
ACC00272,Mehsana,Patan PS,2021-09-27 06:41:00,22.590228,73.534302,SH-14,State Highway,Minor,2,0,0,2,0,0,0,0,0,0,Single Vehicle,Speed Breaker,Rainy,Dawn/Dusk,Moderate,Unknown,2021-09-27,2021,9,6,Monday,Sep,1,0,2,Morning
ACC00273,Vadodara,Waghodiya PS,2021-10-26 23:01:00,24.148607,70.690886,Bypass Road,District Road,Grievous,1,0,1,0,0,2,0,0,0,1,Single Vehicle,Pothole Area,Unknown,Night - No Street Light,Moderate,Wrong Side Driving,2021-10-26,2021,10,23,Tuesday,Oct,2,0,4,Night
ACC00274,Bhavnagar,Sihor PS,2022-04-18 21:01:00,23.26545,71.264645,Industrial Road,National Highway,Minor,2,0,0,1,0,0,0,0,0,0,Hit & Run,Junction/Intersection,Rainy,Dawn/Dusk,Unknown,Overloading,2022-04-18,2022,4,21,Monday,Apr,1,0,1,Evening
ACC00276,Bharuch,Vagra PS,2024-06-06 23:36:00,22.51606,73.057595,Airport Road,District Road,Damage Only,4,0,0,0,0,0,0,0,0,0,Head-On,Flyover,Clear,Night - Street Light On,Unknown,Over Speeding,2024-06-06,2024,6,23,Thursday,Jun,0,0,0,Night
ACC00277,Junagadh,Junagadh City PS,2022-01-24 09:28:00,21.500949,71.006487,Ring Road,District Road,Minor,4,0,0,1,0,0,2,0,0,0,Side Impact,Straight Road,Unknown,Night - Street Light On,Unknown,Unknown,2022-01-24,2022,1,9,Monday,Jan,1,0,3,Morning
ACC00278,Vadodara,Gotri PS,2024-11-26 17:08:00,21.58792,70.958189,Expressway,Urban Road,Minor,1,0,0,1,0,0,2,0,0,1,Rear-End,Straight Road,Foggy,Night - No Street Light,Moderate,Drunk Driving,2024-11-26,2024,11,17,Tuesday,Nov,1,0,4,Afternoon
ACC00280,Vadodara,Sayajigunj PS,2021-09-27 06:00:00,21.26431,73.48909,Airport Road,Urban Road,Minor,4,0,0,2,0,0,1,0,0,1,Pedestrian Hit,Unknown,Cloudy,Night - Street Light On,Moderate,Unknown,2021-09-27,2021,9,6,Monday,Sep,1,0,4,Morning
ACC00281,Ahmedabad,Bapunagar PS,2024-05-14 00:15:00,21.37932,73.266765,SH-6,Urban Road,Grievous,1,0,3,2,0,1,0,0,0,1,Head-On,Straight Road,Unknown,Night - No Street Light,Good,Signal Jumping,2024-05-14,2024,5,0,Tuesday,May,2,0,7,Night
ACC00282,Surat,Udhna PS,2023-05-04 05:10:00,22.911013,71.848305,NH-8,National Highway,Fatal,3,1,1,0,1,0,2,1,1,1,Rollover,Bridge,Unknown,Night - No Street Light,Good,Drunk Driving,2023-05-04,2023,5,5,Thursday,May,3,3,5,Night
ACC00283,Vadodara,Sayajigunj PS,2024-11-23 08:21:00,22.513373,71.955939,NH-27,State Highway,Minor,3,0,0,2,0,0,2,0,0,1,Rollover,Pothole Area,Hazy,Daylight,Unknown,Unknown,2024-11-23,2024,11,8,Saturday,Nov,1,0,5,Morning
ACC00284,Gandhinagar,Dehgam PS,2024-03-23 19:22:00,22.925734,72.693864,Bypass Road,State Highway,Minor,1,0,0,1,0,0,1,0,0,0,Hit & Run,Speed Breaker,Rainy,Night - No Street Light,Moderate,Over Speeding,2024-03-23,2024,3,19,Saturday,Mar,1,0,2,Evening
ACC00286,Bhavnagar,Mahuva PS,2021-03-01 05:12:00,21.65451,73.871827,NH-8,District Road,Minor,4,0,0,3,0,0,0,0,0,1,Head-On,Bridge,Rainy,Dawn/Dusk,Poor,Overloading,2021-03-01,2021,3,5,Monday,Mar,1,0,4,Night
ACC00287,Bhavnagar,Talaja PS,2024-02-12 17:01:00,23.253269,73.694586,SH-20,State Highway,Minor,2,0,0,3,0,0,2,0,0,1,Head-On,Junction/Intersection,Clear,Night - No Street Light,Unknown,Unknown,2024-02-12,2024,2,17,Monday,Feb,1,0,6,Afternoon
ACC00292,Junagadh,Veraval PS,2022-07-10 04:45:00,22.740782,70.061679,SH-20,District Road,Grievous,4,0,1,0,0,1,1,0,1,0,Rollover,Curve,Clear,Dawn/Dusk,Good,Drunk Driving,2022-07-10,2022,7,4,Sunday,Jul,2,0,4,Night
ACC00294,Rajkot,Mavdi PS,2024-06-17 08:58:00,20.943424,70.181066,SH-41,National Highway,Fatal,4,1,2,1,0,0,2,1,1,0,Side Impact,Straight Road,Clear,Dawn/Dusk,Good,No Helmet,2024-06-17,2024,6,8,Monday,Jun,3,2,6,Morning
ACC00295,Ahmedabad,Chandkheda PS,2024-02-13 20:04:00,22.55063,70.704684,Industrial Road,National Highway,Grievous,4,0,3,1,0,2,1,0,0,0,Rear-End,Bridge,Cloudy,Daylight,Poor,Wrong Side Driving,2024-02-13,2024,2,20,Tuesday,Feb,2,0,7,Evening
ACC00296,Ahmedabad,Bapunagar PS,2023-09-24 03:37:00,21.596739,70.904862,SH-14,National Highway,Minor,1,0,0,1,0,0,0,0,0,0,Hit & Run,Straight Road,Unknown,Dawn/Dusk,Poor,Overloading,2023-09-24,2023,9,3,Sunday,Sep,1,0,1,Night
ACC00297,Bhavnagar,Bhavnagar City PS,2021-10-28 21:09:00,21.440915,70.917107,SH-6,National Highway,Grievous,1,0,1,2,0,2,2,0,0,1,Single Vehicle,Junction/Intersection,Hazy,Night - No Street Light,Unknown,No Helmet,2021-10-28,2021,10,21,Thursday,Oct,2,0,8,Evening
ACC00299,Anand,Borsad PS,2024-01-22 06:42:00,20.739717,73.412964,SH-20,Urban Road,Grievous,1,0,1,2,0,2,0,0,1,1,Pedestrian Hit,Junction/Intersection,Unknown,Night - Street Light On,Moderate,Over Speeding,2024-01-22,2024,1,6,Monday,Jan,2,0,7,Morning
ACC00300,Vadodara,Sayajigunj PS,2021-10-09 20:51:00,22.197732,71.907906,Ring Road,National Highway,Fatal,2,0,2,1,1,2,0,0,1,1,Rollover,Speed Breaker,Cloudy,Dawn/Dusk,Unknown,No Helmet,2021-10-09,2021,10,20,Saturday,Oct,3,1,7,Evening
ACC00301,Junagadh,Manavadar PS,2023-01-22 01:02:00,23.34246,71.133657,Expressway,National Highway,Grievous,1,0,3,2,0,0,0,0,0,1,Head-On,Pothole Area,Hazy,Night - No Street Light,Unknown,Unknown,2023-01-22,2023,1,1,Sunday,Jan,2,0,6,Night
ACC00303,Bhavnagar,Sihor PS,2024-03-19 01:42:00,23.820921,69.906939,NH-27,National Highway,Minor,3,0,0,2,0,0,1,0,0,0,Rear-End,Flyover,Foggy,Night - No Street Light,Moderate,Unknown,2024-03-19,2024,3,1,Tuesday,Mar,1,0,3,Night
ACC00304,Ahmedabad,Bapunagar PS,2021-12-24 18:47:00,22.154605,69.745891,Expressway,State Highway,Grievous,2,0,1,2,0,1,1,0,0,1,Rear-End,Flyover,Hazy,Daylight,Poor,Drunk Driving,2021-12-24,2021,12,18,Friday,Dec,2,0,6,Evening
ACC00306,Junagadh,Porbandar PS,2021-01-25 09:59:00,21.857219,71.440597,NH-48,National Highway,Minor,0,0,0,2,0,0,0,0,0,1,Head-On,Pothole Area,Foggy,Dawn/Dusk,Poor,No Helmet,2021-01-25,2021,1,9,Monday,Jan,1,0,3,Morning
ACC00307,Bhavnagar,Palitana PS,2023-08-03 21:47:00,23.190693,71.3757,City Road,District Road,Fatal,1,1,1,1,0,2,0,0,1,1,Single Vehicle,Junction/Intersection,Hazy,Daylight,Good,Drunk Driving,2023-08-03,2023,8,21,Thursday,Aug,3,1,6,Evening
ACC00310,Gandhinagar,Sector 7 PS,2023-06-22 02:31:00,21.023078,72.166544,NH-27,Urban Road,Minor,1,0,0,1,0,0,0,0,0,0,Rear-End,Bridge,Rainy,Daylight,Unknown,Mobile Phone Use,2023-06-22,2023,6,2,Thursday,Jun,1,0,1,Night
ACC00312,Ahmedabad,Bapunagar PS,2022-04-08 00:24:00,23.862693,71.673636,SH-20,State Highway,Minor,3,0,0,1,0,0,1,0,0,0,Side Impact,Bridge,Clear,Daylight,Poor,Unknown,2022-04-08,2022,4,0,Friday,Apr,1,0,2,Night
ACC00314,Ahmedabad,Bapunagar PS,2024-08-10 09:31:00,23.937551,74.373752,NH-48,District Road,Minor,2,0,0,3,0,0,2,0,0,1,Side Impact,Flyover,Unknown,Daylight,Unknown,Drunk Driving,2024-08-10,2024,8,9,Saturday,Aug,1,0,6,Morning
ACC00317,Bhavnagar,Sihor PS,2022-11-19 02:07:00,23.58473,70.430542,NH-53,District Road,Minor,4,0,0,1,0,0,0,0,0,1,Hit & Run,Speed Breaker,Clear,Night - Street Light On,Good,Unknown,2022-11-19,2022,11,2,Saturday,Nov,1,0,2,Night
ACC00318,Ahmedabad,Naranpura PS,2021-01-15 05:59:00,23.098077,70.7222,NH-8,National Highway,Minor,3,0,0,3,0,0,1,0,0,1,Pedestrian Hit,Pothole Area,Rainy,Night - Street Light On,Moderate,Unknown,2021-01-15,2021,1,5,Friday,Jan,1,0,5,Night
ACC00320,Rajkot,Kalavad Road PS,2021-04-19 06:07:00,23.252121,71.088801,NH-53,State Highway,Grievous,4,0,0,1,0,1,0,0,0,0,Rear-End,Straight Road,Clear,Night - No Street Light,Poor,Wrong Side Driving,2021-04-19,2021,4,6,Monday,Apr,2,0,2,Morning
ACC00321,Surat,Piplod PS,2021-12-27 05:50:00,22.468557,69.582389,Bypass Road,National Highway,Grievous,0,0,1,0,0,2,0,0,0,1,Rollover,Bridge,Rainy,Night - No Street Light,Moderate,Drunk Driving,2021-12-27,2021,12,5,Monday,Dec,2,0,4,Night
ACC00322,Anand,Vallabh Vidyanagar PS,2021-05-31 15:37:00,24.196249,73.945689,Bypass Road,State Highway,Grievous,0,0,1,1,0,2,0,0,1,0,Rear-End,Curve,Cloudy,Night - Street Light On,Poor,Mobile Phone Use,2021-05-31,2021,5,15,Monday,May,2,0,5,Afternoon
ACC00323,Vadodara,Sayajigunj PS,2023-08-12 14:26:00,21.68045,71.902907,NH-8,National Highway,Damage Only,4,0,0,0,0,0,0,0,0,0,Pedestrian Hit,Speed Breaker,Rainy,Night - Street Light On,Good,No Seatbelt,2023-08-12,2023,8,14,Saturday,Aug,0,0,0,Afternoon
ACC00325,Anand,Petlad PS,2023-03-19 15:51:00,23.87794,69.615222,Airport Road,Urban Road,Minor,3,0,0,2,0,0,0,0,0,0,Pedestrian Hit,Unknown,Unknown,Dawn/Dusk,Moderate,Signal Jumping,2023-03-19,2023,3,15,Sunday,Mar,1,0,2,Afternoon
ACC00327,Ahmedabad,Bodakdev PS,2024-11-15 10:33:00,22.05915,74.060402,Airport Road,District Road,Minor,3,0,0,1,0,0,0,0,0,1,Rollover,Flyover,Unknown,Daylight,Poor,Over Speeding,2024-11-15,2024,11,10,Friday,Nov,1,0,2,Morning
ACC00328,Bharuch,Vagra PS,2024-06-21 01:23:00,23.081594,71.632777,NH-8,State Highway,Fatal,2,2,1,1,0,2,2,1,1,1,Rear-End,Junction/Intersection,Rainy,Daylight,Unknown,Unknown,2024-06-21,2024,6,1,Friday,Jun,3,3,8,Night
ACC00329,Surat,Udhna PS,2023-02-03 11:28:00,22.52274,72.571899,City Road,State Highway,Grievous,4,0,1,0,0,0,1,0,0,1,Pedestrian Hit,Junction/Intersection,Cloudy,Night - No Street Light,Good,Wrong Side Driving,2023-02-03,2023,2,11,Friday,Feb,2,0,3,Morning
ACC00330,Ahmedabad,Maninagar PS,2022-07-20 03:44:00,20.792291,74.09826,NH-48,District Road,Minor,4,0,0,2,0,0,2,0,0,0,Side Impact,Pothole Area,Hazy,Night - Street Light On,Unknown,No Helmet,2022-07-20,2022,7,3,Wednesday,Jul,1,0,4,Night
ACC00331,Gandhinagar,Sector 7 PS,2021-05-09 00:55:00,23.940759,70.216027,Industrial Road,State Highway,Damage Only,3,0,0,0,0,0,0,0,0,0,Side Impact,Flyover,Foggy,Dawn/Dusk,Unknown,Overloading,2021-05-09,2021,5,0,Sunday,May,0,0,0,Night
ACC00332,Bhavnagar,Sihor PS,2022-09-20 05:50:00,22.327518,72.949423,NH-48,District Road,Grievous,2,0,3,2,0,0,2,0,0,0,Rear-End,Bridge,Rainy,Night - Street Light On,Poor,Signal Jumping,2022-09-20,2022,9,5,Tuesday,Sep,2,0,7,Night
ACC00333,Ahmedabad,Naranpura PS,2022-10-11 18:08:00,21.800492,72.554947,City Road,National Highway,Grievous,3,0,1,0,0,1,1,0,1,0,Side Impact,Curve,Foggy,Dawn/Dusk,Moderate,Unknown,2022-10-11,2022,10,18,Tuesday,Oct,2,0,4,Evening
ACC00334,Bharuch,Ankleshwar PS,2021-01-09 23:34:00,21.623891,71.085637,SH-14,State Highway,Grievous,1,0,2,2,0,0,0,0,1,0,Pedestrian Hit,Speed Breaker,Unknown,Night - Street Light On,Unknown,No Helmet,2021-01-09,2021,1,23,Saturday,Jan,2,0,5,Night
ACC00337,Mehsana,Patan PS,2021-06-29 06:46:00,23.511027,70.887777,NH-53,National Highway,Minor,1,0,0,1,0,0,0,0,0,1,Pedestrian Hit,Bridge,Unknown,Dawn/Dusk,Moderate,Unknown,2021-06-29,2021,6,6,Tuesday,Jun,1,0,2,Morning
ACC00338,Mehsana,Patan PS,2022-11-18 02:59:00,23.578125,70.679602,SH-14,State Highway,Damage Only,4,0,0,0,0,0,0,0,0,0,Hit & Run,Bridge,Unknown,Night - Street Light On,Moderate,Signal Jumping,2022-11-18,2022,11,2,Friday,Nov,0,0,0,Night
ACC00339,Gandhinagar,Dehgam PS,2023-10-02 01:52:00,23.939092,71.623471,Bypass Road,National Highway,Grievous,4,0,3,0,0,1,2,0,0,1,Rear-End,Unknown,Clear,Night - Street Light On,Poor,Mobile Phone Use,2023-10-02,2023,10,1,Monday,Oct,2,0,7,Night
ACC00340,Mehsana,Unjha PS,2021-02-28 03:48:00,24.673932,72.797063,Industrial Road,Rural Road,Damage Only,1,0,0,0,0,0,0,0,0,0,Hit & Run,Flyover,Foggy,Dawn/Dusk,Good,No Helmet,2021-02-28,2021,2,3,Sunday,Feb,0,0,0,Night
ACC00343,Rajkot,Mavdi PS,2023-10-28 07:53:00,24.226461,73.337922,Airport Road,Rural Road,Minor,1,0,0,1,0,0,0,0,0,0,Pedestrian Hit,Speed Breaker,Unknown,Daylight,Unknown,Overloading,2023-10-28,2023,10,7,Saturday,Oct,1,0,1,Morning
ACC00344,Mehsana,Visnagar PS,2022-10-01 22:23:00,22.132914,71.395663,SH-20,District Road,Grievous,2,0,1,2,0,0,1,0,0,0,Rear-End,Straight Road,Unknown,Daylight,Moderate,Signal Jumping,2022-10-01,2022,10,22,Saturday,Oct,2,0,4,Night
ACC00348,Anand,Anand City PS,2022-10-06 03:29:00,20.725197,72.539805,Airport Road,National Highway,Minor,3,0,0,2,0,0,2,0,0,1,Single Vehicle,Unknown,Foggy,Dawn/Dusk,Good,No Seatbelt,2022-10-06,2022,10,3,Thursday,Oct,1,0,5,Night
ACC00349,Mehsana,Unjha PS,2024-02-09 13:18:00,22.068624,73.736954,NH-8,State Highway,Minor,1,0,0,2,0,0,1,0,0,0,Hit & Run,Junction/Intersection,Rainy,Daylight,Unknown,Unknown,2024-02-09,2024,2,13,Friday,Feb,1,0,3,Afternoon
ACC00351,Bhavnagar,Mahuva PS,2022-07-14 20:25:00,23.166714,74.321396,Airport Road,District Road,Fatal,4,0,0,0,2,0,0,0,1,0,Side Impact,Bridge,Clear,Daylight,Poor,Overloading,2022-07-14,2022,7,20,Thursday,Jul,3,2,1,Evening
ACC00352,Surat,Katargam PS,2023-02-23 19:43:00,21.492662,72.88908,City Road,State Highway,Fatal,4,1,2,1,2,0,2,1,1,0,Pedestrian Hit,Bridge,Cloudy,Night - Street Light On,Poor,Unknown,2023-02-23,2023,2,19,Thursday,Feb,3,4,6,Evening
ACC00353,Ahmedabad,Bodakdev PS,2023-07-11 10:54:00,22.214419,71.606999,SH-41,National Highway,Damage Only,3,0,0,0,0,0,0,0,0,0,Pedestrian Hit,Pothole Area,Rainy,Dawn/Dusk,Unknown,Signal Jumping,2023-07-11,2023,7,10,Tuesday,Jul,0,0,0,Morning
ACC00354,Anand,Borsad PS,2021-08-13 18:43:00,22.647406,71.059856,Airport Road,State Highway,Damage Only,4,0,0,0,0,0,0,0,0,0,Pedestrian Hit,Straight Road,Cloudy,Night - No Street Light,Unknown,Unknown,2021-08-13,2021,8,18,Friday,Aug,0,0,0,Evening
ACC00356,Bharuch,Bharuch City PS,2024-09-16 07:15:00,21.535658,72.434345,SH-41,Urban Road,Minor,4,0,0,3,0,0,2,0,0,1,Side Impact,Curve,Clear,Night - No Street Light,Good,Overloading,2024-09-16,2024,9,7,Monday,Sep,1,0,6,Morning
ACC00357,Gandhinagar,Sector 21 PS,2024-11-26 15:37:00,21.555966,70.131255,NH-27,District Road,Minor,3,0,0,1,0,0,2,0,0,1,Pedestrian Hit,Pothole Area,Unknown,Night - Street Light On,Poor,Overloading,2024-11-26,2024,11,15,Tuesday,Nov,1,0,4,Afternoon
ACC00358,Bharuch,Vagra PS,2022-02-18 15:40:00,23.720888,71.475754,SH-14,State Highway,Damage Only,1,0,0,0,0,0,0,0,0,0,Side Impact,Unknown,Hazy,Dawn/Dusk,Moderate,Unknown,2022-02-18,2022,2,15,Friday,Feb,0,0,0,Afternoon
ACC00360,Rajkot,Kalawad PS,2023-04-04 08:39:00,23.189177,73.649648,City Road,National Highway,Minor,0,0,0,2,0,0,2,0,0,1,Single Vehicle,Curve,Hazy,Dawn/Dusk,Moderate,Unknown,2023-04-04,2023,4,8,Tuesday,Apr,1,0,5,Morning
ACC00361,Bhavnagar,Bhavnagar City PS,2023-12-06 06:23:00,21.20572,72.92284,SH-41,Rural Road,Grievous,0,0,1,2,0,2,1,0,1,0,Hit & Run,Flyover,Clear,Night - Street Light On,Unknown,Mobile Phone Use,2023-12-06,2023,12,6,Wednesday,Dec,2,0,7,Morning
ACC00362,Rajkot,Rajkot Central PS,2021-11-04 06:01:00,23.905253,71.626898,Ring Road,National Highway,Minor,1,0,0,2,0,0,0,0,0,0,Hit & Run,Straight Road,Rainy,Night - Street Light On,Poor,Signal Jumping,2021-11-04,2021,11,6,Thursday,Nov,1,0,2,Morning
ACC00364,Junagadh,Manavadar PS,2023-12-12 08:31:00,21.195154,73.18213,SH-20,National Highway,Minor,2,0,0,1,0,0,0,0,0,0,Pedestrian Hit,Bridge,Unknown,Night - Street Light On,Unknown,Wrong Side Driving,2023-12-12,2023,12,8,Tuesday,Dec,1,0,1,Morning
ACC00365,Gandhinagar,Kalol PS,2023-04-17 08:55:00,22.355649,74.076879,SH-20,State Highway,Grievous,4,0,2,2,0,0,1,0,0,0,Rollover,Pothole Area,Rainy,Night - No Street Light,Moderate,No Helmet,2023-04-17,2023,4,8,Monday,Apr,2,0,5,Morning
ACC00366,Rajkot,Kalavad Road PS,2024-02-06 12:19:00,23.322837,72.417065,Airport Road,National Highway,Damage Only,0,0,0,0,0,0,0,0,0,0,Pedestrian Hit,Bridge,Cloudy,Daylight,Unknown,Mobile Phone Use,2024-02-06,2024,2,12,Tuesday,Feb,0,0,0,Afternoon
ACC00367,Ahmedabad,Maninagar PS,2022-09-02 06:55:00,24.313098,73.640644,NH-8,Urban Road,Minor,4,0,0,2,0,0,2,0,0,1,Single Vehicle,Straight Road,Foggy,Daylight,Unknown,Overloading,2022-09-02,2022,9,6,Friday,Sep,1,0,5,Morning
ACC00368,Ahmedabad,Maninagar PS,2024-12-01 08:32:00,22.036004,71.550685,SH-20,State Highway,Damage Only,2,0,0,0,0,0,0,0,0,0,Hit & Run,Flyover,Clear,Night - Street Light On,Unknown,Unknown,2024-12-01,2024,12,8,Sunday,Dec,0,0,0,Morning
ACC00370,Vadodara,Waghodiya PS,2021-12-22 21:37:00,23.777832,70.711327,NH-53,State Highway,Grievous,2,0,2,0,0,1,0,0,0,0,Hit & Run,Flyover,Hazy,Night - Street Light On,Good,Over Speeding,2021-12-22,2021,12,21,Wednesday,Dec,2,0,3,Evening
ACC00371,Anand,Petlad PS,2023-05-29 19:16:00,24.506951,71.67363,NH-48,District Road,Grievous,2,0,2,0,0,2,1,0,1,1,Single Vehicle,Flyover,Cloudy,Dawn/Dusk,Good,Wrong Side Driving,2023-05-29,2023,5,19,Monday,May,2,0,7,Evening
ACC00372,Vadodara,Manjalpur PS,2022-02-28 19:13:00,21.401649,70.735485,Ring Road,Urban Road,Minor,3,0,0,3,0,0,2,0,0,1,Pedestrian Hit,Junction/Intersection,Foggy,Night - Street Light On,Unknown,Wrong Side Driving,2022-02-28,2022,2,19,Monday,Feb,1,0,6,Evening
ACC00373,Ahmedabad,Naranpura PS,2023-08-19 04:55:00,23.287908,72.594016,Expressway,State Highway,Damage Only,3,0,0,0,0,0,0,0,0,0,Hit & Run,Junction/Intersection,Clear,Daylight,Good,Over Speeding,2023-08-19,2023,8,4,Saturday,Aug,0,0,0,Night
ACC00376,Junagadh,Veraval PS,2023-06-12 05:20:00,22.359864,71.600751,City Road,National Highway,Damage Only,2,0,0,0,0,0,0,0,0,0,Single Vehicle,Straight Road,Rainy,Night - Street Light On,Good,Wrong Side Driving,2023-06-12,2023,6,5,Monday,Jun,0,0,0,Night
ACC00377,Surat,Adajan PS,2022-06-17 05:45:00,20.633711,71.217938,Bypass Road,District Road,Grievous,2,0,2,0,0,0,0,0,0,1,Side Impact,Speed Breaker,Cloudy,Dawn/Dusk,Unknown,Drunk Driving,2022-06-17,2022,6,5,Friday,Jun,2,0,3,Night
ACC00380,Rajkot,Rajkot Central PS,2024-08-11 09:20:00,23.52148,71.894437,NH-27,Urban Road,Minor,2,0,0,2,0,0,1,0,0,1,Hit & Run,Curve,Cloudy,Daylight,Good,Wrong Side Driving,2024-08-11,2024,8,9,Sunday,Aug,1,0,4,Morning
ACC00381,Vadodara,Sayajigunj PS,2022-09-04 15:51:00,23.809225,72.41526,NH-53,National Highway,Grievous,4,0,2,1,0,2,2,0,0,1,Side Impact,Flyover,Foggy,Night - Street Light On,Unknown,Overloading,2022-09-04,2022,9,15,Sunday,Sep,2,0,8,Afternoon
ACC00383,Gandhinagar,Sector 7 PS,2021-09-19 21:57:00,21.243806,71.681775,Airport Road,National Highway,Minor,4,0,0,3,0,0,2,0,0,0,Head-On,Speed Breaker,Clear,Dawn/Dusk,Unknown,Drunk Driving,2021-09-19,2021,9,21,Sunday,Sep,1,0,5,Evening
ACC00385,Mehsana,Patan PS,2022-06-27 10:58:00,20.961082,72.806285,Industrial Road,State Highway,Damage Only,1,0,0,0,0,0,0,0,0,0,Side Impact,Straight Road,Cloudy,Daylight,Good,No Seatbelt,2022-06-27,2022,6,10,Monday,Jun,0,0,0,Morning
ACC00386,Surat,Katargam PS,2024-09-05 15:29:00,24.09639,71.891891,Bypass Road,National Highway,Damage Only,2,0,0,0,0,0,0,0,0,0,Side Impact,Speed Breaker,Foggy,Dawn/Dusk,Poor,Drunk Driving,2024-09-05,2024,9,15,Thursday,Sep,0,0,0,Afternoon
ACC00390,Mehsana,Visnagar PS,2023-06-17 07:32:00,24.281723,71.893231,SH-41,Urban Road,Minor,3,0,0,2,0,0,0,0,0,0,Single Vehicle,Curve,Foggy,Dawn/Dusk,Unknown,Unknown,2023-06-17,2023,6,7,Saturday,Jun,1,0,2,Morning
ACC00391,Gandhinagar,Sector 21 PS,2024-09-28 15:08:00,20.819045,73.098939,Bypass Road,Urban Road,Minor,3,0,0,3,0,0,0,0,0,0,Side Impact,Speed Breaker,Clear,Daylight,Poor,Mobile Phone Use,2024-09-28,2024,9,15,Saturday,Sep,1,0,3,Afternoon
ACC00392,Junagadh,Junagadh City PS,2021-05-11 10:27:00,21.142775,71.164101,SH-20,State Highway,Grievous,1,0,1,2,0,1,1,0,0,0,Pedestrian Hit,Straight Road,Hazy,Night - No Street Light,Moderate,Unknown,2021-05-11,2021,5,10,Tuesday,May,2,0,5,Morning
ACC00395,Rajkot,Mavdi PS,2023-12-21 13:50:00,23.788136,70.678649,Bypass Road,District Road,Damage Only,1,0,0,0,0,0,0,0,0,0,Pedestrian Hit,Pothole Area,Foggy,Daylight,Unknown,Signal Jumping,2023-12-21,2023,12,13,Thursday,Dec,0,0,0,Afternoon
ACC00396,Junagadh,Junagadh City PS,2021-06-23 10:20:00,23.652914,70.577577,NH-48,National Highway,Minor,4,0,0,3,0,0,2,0,0,1,Single Vehicle,Curve,Hazy,Daylight,Poor,No Seatbelt,2021-06-23,2021,6,10,Wednesday,Jun,1,0,6,Morning