Accident_ID,District,Police_Station,Accident_DateTime,Latitude,Longitude,Road_Name,Road_Classification,Severity,No_of_Vehicles,Drivers_Killed,Drivers_Grievous_Injury,Drivers_Minor_Injury,Passengers_Killed,Passengers_Grievous_Injury,Passengers_Minor_Injury,Pedestrians_Killed,Pedestrians_Grievous_Injury,Pedestrians_Minor_Injury,Collision_Type,Collision_Feature,Weather_Condition,Light_Condition,Visibility,Traffic_Violation,Date,Year,Month,Hour,DayOfWeek,Month_Name,Severity_Score,Total_Killed,Total_Injured,Time_Category
ACC00802,Junagadh,Veraval PS,2024-05-14 21:03:00,22.768811,71.579863,NH-8,State Highway,Grievous,2,0,3,0,0,0,0,0,0,1,Head-On,Bridge,Hazy,Night - No Street Light,Moderate,Unknown,2024-05-14,2024,5,21,Tuesday,May,2,0,4,Evening
ACC00803,Mehsana,Mehsana City PS,2021-07-23 04:59:00,21.287689,72.332408,Ring Road,National Highway,Minor,3,0,0,2,0,0,2,0,0,0,Rear-End,Curve,Unknown,Night - Street Light On,Poor,Drunk Driving,2021-07-23,2021,7,4,Friday,Jul,1,0,4,Night
ACC00804,Ahmedabad,Maninagar PS,2021-09-06 00:15:00,23.643561,69.801322,NH-53,National Highway,Damage Only,3,0,0,0,0,0,0,0,0,0,Head-On,Junction/Intersection,Clear,Dawn/Dusk,Good,Overloading,2021-09-06,2021,9,0,Monday,Sep,0,0,0,Night
ACC00805,Ahmedabad,Chandkheda PS,2021-07-08 11:11:00,20.970781,72.669486,Industrial Road,State Highway,Minor,3,0,0,1,0,0,2,0,0,0,Pedestrian Hit,Flyover,Clear,Daylight,Moderate,Signal Jumping,2021-07-08,2021,7,11,Thursday,Jul,1,0,3,Morning
ACC00806,Mehsana,Visnagar PS,2021-03-03 10:54:00,23.581079,71.328244,NH-8,Urban Road,Minor,4,0,0,3,0,0,1,0,0,1,Hit & Run,Curve,Hazy,Dawn/Dusk,Good,Wrong Side Driving,2021-03-03,2021,3,10,Wednesday,Mar,1,0,5,Morning
ACC00808,Mehsana,Kadi PS,2024-02-08 17:46:00,20.650864,73.052721,City Road,State Highway,Minor,1,0,0,2,0,0,2,0,0,0,Side Impact,Speed Breaker,Cloudy,Night - No Street Light,Good,Drunk Driving,2024-02-08,2024,2,17,Thursday,Feb,1,0,4,Afternoon
ACC00809,Gandhinagar,Kalol PS,2021-11-10 08:21:00,24.614027,70.391847,Bypass Road,Rural Road,Minor,2,0,0,3,0,0,0,0,0,0,Side Impact,Bridge,Clear,Daylight,Poor,No Helmet,2021-11-10,2021,11,8,Wednesday,Nov,1,0,3,Morning
ACC00810,Junagadh,Manavadar PS,2024-05-12 03:23:00,24.58334,70.105364,NH-27,District Road,Minor,3,0,0,3,0,0,2,0,0,0,Rear-End,Speed Breaker,Clear,Night - Street Light On,Good,Mobile Phone Use,2024-05-12,2024,5,3,Sunday,May,1,0,5,Night
ACC00811,Junagadh,Manavadar PS,2024-11-15 17:19:00,23.126339,70.642994,NH-48,District Road,Fatal,2,1,1,0,0,1,0,0,1,1,Side Impact,Bridge,Clear,Night - No Street Light,Poor,Over Speeding,2024-11-15,2024,11,17,Friday,Nov,3,1,4,Afternoon
ACC00812,Junagadh,Junagadh City PS,2022-06-26 05:37:00,24.217113,70.204596,NH-53,District Road,Damage Only,2,0,0,0,0,0,0,0,0,0,Single Vehicle,Pothole Area,Clear,Daylight,Unknown,Wrong Side Driving,2022-06-26,2022,6,5,Sunday,Jun,0,0,0,Night
ACC00813,Vadodara,Gotri PS,2022-05-04 13:00:00,24.125335,72.698063,SH-41,National Highway,Minor,4,0,0,1,0,0,2,0,0,1,Rear-End,Curve,Clear,Dawn/Dusk,Moderate,Unknown,2022-05-04,2022,5,13,Wednesday,May,1,0,4,Afternoon
ACC00814,Bharuch,Ankleshwar PS,2023-04-09 18:26:00,21.423249,73.493682,NH-27,State Highway,Minor,4,0,0,3,0,0,0,0,0,1,Single Vehicle,Pothole Area,Hazy,Dawn/Dusk,Good,Drunk Driving,2023-04-09,2023,4,18,Sunday,Apr,1,0,4,Evening
ACC00816,Rajkot,Rajkot Central PS,2024-11-26 00:26:00,21.049134,72.66318,NH-8,Urban Road,Grievous,2,0,1,2,0,1,0,0,0,1,Head-On,Junction/Intersection,Cloudy,Dawn/Dusk,Poor,Overloading,2024-11-26,2024,11,0,Tuesday,Nov,2,0,5,Night
ACC00819,Mehsana,Kadi PS,2022-03-25 17:32:00,20.765584,70.436255,SH-14,State Highway,Grievous,0,0,1,2,0,1,0,0,0,1,Single Vehicle,Flyover,Unknown,Night - No Street Light,Unknown,Over Speeding,2022-03-25,2022,3,17,Friday,Mar,2,0,5,Afternoon
ACC00821,Rajkot,Mavdi PS,2021-08-11 23:19:00,22.054304,69.813232,SH-6,District Road,Damage Only,4,0,0,0,0,0,0,0,0,0,Single Vehicle,Flyover,Hazy,Night - No Street Light,Good,No Seatbelt,2021-08-11,2021,8,23,Wednesday,Aug,0,0,0,Night
ACC00822,Bhavnagar,Sihor PS,2022-05-17 10:02:00,21.741651,71.454662,Bypass Road,District Road,Minor,2,0,0,1,0,0,1,0,0,0,Rear-End,Speed Breaker,Clear,Daylight,Good,Unknown,2022-05-17,2022,5,10,Tuesday,May,1,0,2,Morning
ACC00823,Rajkot,Kalawad PS,2023-04-25 17:47:00,23.232419,70.880071,NH-53,National Highway,Minor,1,0,0,3,0,0,1,0,0,0,Rear-End,Curve,Foggy,Daylight,Good,Mobile Phone Use,2023-04-25,2023,4,17,Tuesday,Apr,1,0,4,Afternoon
ACC00824,Gandhinagar,Dehgam PS,2023-07-11 06:05:00,21.188864,73.17412,NH-8,National Highway,Damage Only,0,0,0,0,0,0,0,0,0,0,Rollover,Pothole Area,Rainy,Daylight,Unknown,Mobile Phone Use,2023-07-11,2023,7,6,Tuesday,Jul,0,0,0,Morning
ACC00828,Junagadh,Manavadar PS,2024-10-18 16:57:00,24.235285,74.301767,Bypass Road,National Highway,Damage Only,2,0,0,0,0,0,0,0,0,0,Rear-End,Speed Breaker,Hazy,Night - Street Light On,Unknown,No Seatbelt,2024-10-18,2024,10,16,Friday,Oct,0,0,0,Afternoon
ACC00829,Bhavnagar,Palitana PS,2022-07-26 10:16:00,24.36058,73.364429,SH-6,District Road,Grievous,1,0,1,2,0,0,0,0,1,0,Hit & Run,Flyover,Hazy,Dawn/Dusk,Good,Unknown,2022-07-26,2022,7,10,Tuesday,Jul,2,0,4,Morning
ACC00830,Anand,Petlad PS,2024-12-30 23:52:00,22.48259,69.560343,NH-53,State Highway,Minor,1,0,0,2,0,0,2,0,0,0,Rear-End,Speed Breaker,Hazy,Daylight,Moderate,Unknown,2024-12-30,2024,12,23,Monday,Dec,1,0,4,Night
ACC00833,Ahmedabad,Maninagar PS,2023-09-12 03:28:00,22.579544,73.061034,Expressway,Rural Road,Damage Only,1,0,0,0,0,0,0,0,0,0,Rollover,Unknown,Rainy,Night - No Street Light,Poor,No Seatbelt,2023-09-12,2023,9,3,Tuesday,Sep,0,0,0,Night
ACC00834,Junagadh,Veraval PS,2022-08-22 08:10:00,23.838723,71.731226,Bypass Road,State Highway,Damage Only,1,0,0,0,0,0,0,0,0,0,Side Impact,Flyover,Clear,Night - Street Light On,Moderate,Mobile Phone Use,2022-08-22,2022,8,8,Monday,Aug,0,0,0,Morning
ACC00836,Junagadh,Keshod PS,2023-04-10 12:36:00,21.999673,71.3236,SH-20,State Highway,Damage Only,1,0,0,0,0,0,0,0,0,0,Side Impact,Junction/Intersection,Foggy,Night - Street Light On,Unknown,Over Speeding,2023-04-10,2023,4,12,Monday,Apr,0,0,0,Afternoon
ACC00837,Mehsana,Mehsana City PS,2023-04-13 06:15:00,24.037718,71.993974,NH-8,Urban Road,Damage Only,1,0,0,0,0,0,0,0,0,0,Head-On,Flyover,Unknown,Night - Street Light On,Moderate,Drunk Driving,2023-04-13,2023,4,6,Thursday,Apr,0,0,0,Morning
ACC00838,Gandhinagar,Sector 21 PS,2021-09-08 12:16:00,20.671616,71.434525,NH-48,Urban Road,Grievous,2,0,1,2,0,2,1,0,0,0,Side Impact,Junction/Intersection,Unknown,Night - Street Light On,Unknown,Overloading,2021-09-08,2021,9,12,Wednesday,Sep,2,0,6,Afternoon
ACC00839,Anand,Khambhat PS,2022-05-12 04:43:00,23.304565,69.959452,NH-53,National Highway,Minor,2,0,0,1,0,0,0,0,0,1,Rollover,Pothole Area,Unknown,Night - No Street Light,Unknown,Mobile Phone Use,2022-05-12,2022,5,4,Thursday,May,1,0,2,Night
ACC00840,Vadodara,Waghodiya PS,2023-12-19 13:13:00,24.519559,71.010381,NH-48,National Highway,Minor,3,0,0,1,0,0,0,0,0,1,Pedestrian Hit,Pothole Area,Cloudy,Night - Street Light On,Poor,No Helmet,2023-12-19,2023,12,13,Tuesday,Dec,1,0,2,Afternoon
ACC00841,Rajkot,Kalavad Road PS,2022-11-28 17:43:00,20.981691,72.694252,City Road,State Highway,Damage Only,1,0,0,0,0,0,0,0,0,0,Head-On,Junction/Intersection,Cloudy,Night - No Street Light,Poor,Unknown,2022-11-28,2022,11,17,Monday,Nov,0,0,0,Afternoon
ACC00842,Rajkot,Rajkot Central PS,2023-01-25 07:35:00,22.486236,69.835229,Expressway,District Road,Damage Only,3,0,0,0,0,0,0,0,0,0,Rear-End,Flyover,Unknown,Daylight,Poor,Over Speeding,2023-01-25,2023,1,7,Wednesday,Jan,0,0,0,Morning
ACC00844,Ahmedabad,Naranpura PS,2024-12-27 19:29:00,23.417758,71.529581,Industrial Road,Rural Road,Minor,2,0,0,2,0,0,2,0,0,1,Rear-End,Straight Road,Unknown,Night - Street Light On,Unknown,Wrong Side Driving,2024-12-27,2024,12,19,Friday,Dec,1,0,5,Evening
ACC00846,Surat,Udhna PS,2024-04-15 03:21:00,20.615267,71.862339,NH-48,National Highway,Minor,1,0,0,3,0,0,1,0,0,0,Rear-End,Junction/Intersection,Cloudy,Dawn/Dusk,Poor,Mobile Phone Use,2024-04-15,2024,4,3,Monday,Apr,1,0,4,Night
ACC00847,Bhavnagar,Sihor PS,2023-03-14 11:39:00,20.716061,70.060735,NH-27,State Highway,Fatal,3,0,1,1,0,2,0,1,1,0,Pedestrian Hit,Speed Breaker,Unknown,Night - No Street Light,Good,Unknown,2023-03-14,2023,3,11,Tuesday,Mar,3,1,5,Morning
ACC00848,Rajkot,Mavdi PS,2021-11-19 06:38:00,20.780259,69.832624,SH-20,State Highway,Fatal,4,2,1,0,0,1,0,1,1,1,Hit & Run,Junction/Intersection,Clear,Night - No Street Light,Moderate,Unknown,2021-11-19,2021,11,6,Friday,Nov,3,3,4,Morning
ACC00850,Rajkot,Rajkot Central PS,2021-12-26 06:16:00,21.736659,71.307178,NH-53,Rural Road,Minor,2,0,0,3,0,0,0,0,0,1,Hit & Run,Bridge,Unknown,Dawn/Dusk,Unknown,Unknown,2021-12-26,2021,12,6,Sunday,Dec,1,0,4,Morning
ACC00853,Gandhinagar,Dehgam PS,2021-12-06 12:48:00,22.734822,70.750649,Industrial Road,State Highway,Fatal,3,0,2,1,2,0,2,1,1,0,Rollover,Flyover,Unknown,Night - No Street Light,Unknown,Drunk Driving,2021-12-06,2021,12,12,Monday,Dec,3,3,6,Afternoon
ACC00854,Bhavnagar,Bhavnagar City PS,2022-08-26 00:49:00,21.524129,74.241579,SH-6,District Road,Grievous,4,0,3,1,0,0,2,0,0,1,Rear-End,Straight Road,Rainy,Night - Street Light On,Poor,Signal Jumping,2022-08-26,2022,8,0,Friday,Aug,2,0,7,Night
ACC00856,Junagadh,Junagadh City PS,2022-08-07 00:57:00,21.974372,74.284068,Expressway,National Highway,Fatal,3,2,2,1,2,0,1,0,1,1,Rollover,Junction/Intersection,Clear,Night - Street Light On,Unknown,Unknown,2022-08-07,2022,8,0,Sunday,Aug,3,4,6,Night
ACC00858,Junagadh,Keshod PS,2022-05-08 18:50:00,24.008912,73.763662,SH-41,National Highway,Damage Only,4,0,0,0,0,0,0,0,0,0,Head-On,Curve,Cloudy,Night - Street Light On,Good,Over Speeding,2022-05-08,2022,5,18,Sunday,May,0,0,0,Evening
ACC00860,Ahmedabad,Chandkheda PS,2024-07-13 19:04:00,21.578407,72.974022,SH-41,Rural Road,Grievous,2,0,3,0,0,0,1,0,1,1,Single Vehicle,Flyover,Hazy,Dawn/Dusk,Unknown,Unknown,2024-07-13,2024,7,19,Saturday,Jul,2,0,6,Evening
ACC00861,Surat,Adajan PS,2023-06-22 14:38:00,20.846637,70.928858,NH-53,National Highway,Fatal,1,2,1,1,0,0,0,1,1,0,Single Vehicle,Flyover,Cloudy,Night - Street Light On,Moderate,No Helmet,2023-06-22,2023,6,14,Thursday,Jun,3,3,3,Afternoon
ACC00862,Surat,Adajan PS,2023-12-10 21:34:00,24.563366,70.959359,NH-27,State Highway,Fatal,4,0,0,1,1,0,0,0,0,0,Rear-End,Junction/Intersection,Foggy,Night - Street Light On,Moderate,No Helmet,2023-12-10,2023,12,21,Sunday,Dec,3,1,1,Evening
ACC00863,Bhavnagar,Sihor PS,2021-01-01 12:07:00,22.040738,74.271129,SH-20,Urban Road,Fatal,2,0,1,1,1,2,1,0,0,0,Rear-End,Speed Breaker,Hazy,Night - No Street Light,Unknown,Drunk Driving,2021-01-01,2021,1,12,Friday,Jan,3,1,5,Afternoon
ACC00866,Gandhinagar,Dehgam PS,2023-05-10 05:36:00,23.478921,72.70674,Industrial Road,State Highway,Minor,0,0,0,3,0,0,2,0,0,1,Hit & Run,Bridge,Rainy,Night - Street Light On,Good,Unknown,2023-05-10,2023,5,5,Wednesday,May,1,0,6,Night
ACC00867,Anand,Anand City PS,2022-11-25 07:36:00,24.51493,73.049328,Industrial Road,District Road,Minor,1,0,0,2,0,0,1,0,0,0,Rollover,Bridge,Cloudy,Daylight,Unknown,Overloading,2022-11-25,2022,11,7,Friday,Nov,1,0,3,Morning
ACC00868,Anand,Petlad PS,2021-10-28 00:23:00,21.830137,72.251136,NH-53,National Highway,Damage Only,3,0,0,0,0,0,0,0,0,0,Rear-End,Junction/Intersection,Foggy,Night - Street Light On,Good,No Seatbelt,2021-10-28,2021,10,0,Thursday,Oct,0,0,0,Night
ACC00869,Surat,Varachha PS,2024-01-10 14:59:00,21.31858,72.714685,Airport Road,State Highway,Grievous,4,0,3,1,0,2,0,0,0,1,Single Vehicle,Curve,Clear,Night - Street Light On,Poor,Unknown,2024-01-10,2024,1,14,Wednesday,Jan,2,0,7,Afternoon
ACC00871,Gandhinagar,Dehgam PS,2022-11-23 23:39:00,22.995774,69.886465,Bypass Road,Urban Road,Minor,2,0,0,1,0,0,2,0,0,0,Single Vehicle,Bridge,Clear,Dawn/Dusk,Good,No Helmet,2022-11-23,2022,11,23,Wednesday,Nov,1,0,3,Night
ACC00872,Mehsana,Kadi PS,2023-09-06 06:34:00,23.120943,71.978172,SH-14,Urban Road,Fatal,4,1,2,1,2,2,1,0,0,0,Hit & Run,Speed Breaker,Clear,Dawn/Dusk,Unknown,Unknown,2023-09-06,2023,9,6,Wednesday,Sep,3,3,6,Morning
ACC00875,Bhavnagar,Talaja PS,2022-01-16 20:15:00,20.71225,71.729135,SH-14,Urban Road,Fatal,4,0,0,1,1,1,2,0,0,1,Pedestrian Hit,Flyover,Rainy,Night - Street Light On,Good,No Helmet,2022-01-16,2022,1,20,Sunday,Jan,3,1,5,Evening
ACC00876,Bharuch,Vagra PS,2021-12-10 18:10:00,22.809971,69.500304,Airport Road,District Road,Grievous,4,0,2,1,0,2,0,0,1,1,Rollover,Junction/Intersection,Clear,Night - Street Light On,Good,Unknown,2021-12-10,2021,12,18,Friday,Dec,2,0,7,Evening
ACC00877,Anand,Petlad PS,2022-10-27 00:39:00,22.343735,73.296631,SH-6,National Highway,Grievous,4,0,0,2,0,0,0,0,1,0,Head-On,Pothole Area,Hazy,Daylight,Good,Drunk Driving,2022-10-27,2022,10,0,Thursday,Oct,2,0,3,Night
ACC00878,Bhavnagar,Sihor PS,2022-07-06 01:05:00,21.066855,70.14905,Bypass Road,Rural Road,Damage Only,3,0,0,0,0,0,0,0,0,0,Head-On,Junction/Intersection,Rainy,Daylight,Moderate,Signal Jumping,2022-07-06,2022,7,1,Wednesday,Jul,0,0,0,Night
ACC00879,Bhavnagar,Sihor PS,2023-05-10 15:46:00,22.512814,70.785376,SH-41,Rural Road,Minor,1,0,0,2,0,0,0,0,0,0,Side Impact,Unknown,Hazy,Night - No Street Light,Moderate,Unknown,2023-05-10,2023,5,15,Wednesday,May,1,0,2,Afternoon
ACC00880,Bharuch,Ankleshwar PS,2023-07-25 12:39:00,24.68893,71.399442,Airport Road,National Highway,Minor,3,0,0,1,0,0,0,0,0,1,Head-On,Flyover,Rainy,Dawn/Dusk,Good,Mobile Phone Use,2023-07-25,2023,7,12,Tuesday,Jul,1,0,2,Afternoon
ACC00882,Vadodara,Fatehgunj PS,2023-10-07 22:21:00,24.622508,69.861567,City Road,National Highway,Minor,2,0,0,2,0,0,2,0,0,0,Side Impact,Bridge,Foggy,Night - No Street Light,Poor,Signal Jumping,2023-10-07,2023,10,22,Saturday,Oct,1,0,4,Night
ACC00884,Surat,Varachha PS,2022-11-28 15:02:00,23.013722,72.750377,City Road,Urban Road,Minor,0,0,0,1,0,0,1,0,0,0,Head-On,Junction/Intersection,Hazy,Dawn/Dusk,Unknown,Unknown,2022-11-28,2022,11,15,Monday,Nov,1,0,2,Afternoon
ACC00887,Vadodara,Fatehgunj PS,2024-02-07 14:22:00,20.859272,71.367692,NH-27,Urban Road,Damage Only,3,0,0,0,0,0,0,0,0,0,Single Vehicle,Flyover,Rainy,Night - No Street Light,Unknown,Overloading,2024-02-07,2024,2,14,Wednesday,Feb,0,0,0,Afternoon
ACC00888,Gandhinagar,Mansa PS,2024-02-26 20:17:00,21.842984,74.035468,SH-20,Urban Road,Grievous,2,0,1,2,0,0,1,0,1,0,Rear-End,Speed Breaker,Unknown,Dawn/Dusk,Unknown,Unknown,2024-02-26,2024,2,20,Monday,Feb,2,0,5,Evening
ACC00889,Ahmedabad,Bodakdev PS,2021-12-26 02:29:00,21.012277,72.688312,Industrial Road,Urban Road,Minor,2,0,0,3,0,0,2,0,0,0,Single Vehicle,Curve,Clear,Night - No Street Light,Moderate,Signal Jumping,2021-12-26,2021,12,2,Sunday,Dec,1,0,5,Night
ACC00890,Anand,Vallabh Vidyanagar PS,2021-07-26 23:27:00,23.123337,72.134252,SH-6,State Highway,Damage Only,2,0,0,0,0,0,0,0,0,0,Rollover,Curve,Rainy,Night - No Street Light,Poor,Wrong Side Driving,2021-07-26,2021,7,23,Monday,Jul,0,0,0,Night
ACC00891,Bharuch,Amod PS,2022-09-23 08:26:00,23.434016,72.785058,Bypass Road,National Highway,Damage Only,3,0,0,0,0,0,0,0,0,0,Rear-End,Bridge,Foggy,Night - Street Light On,Good,Unknown,2022-09-23,2022,9,8,Friday,Sep,0,0,0,Morning
ACC00892,Gandhinagar,Mansa PS,2024-03-28 15:39:00,20.635803,71.902727,SH-41,District Road,Minor,2,0,0,1,0,0,1,0,0,0,Pedestrian Hit,Straight Road,Rainy,Night - Street Light On,Unknown,Drunk Driving,2024-03-28,2024,3,15,Thursday,Mar,1,0,2,Afternoon
ACC00893,Bhavnagar,Palitana PS,2023-12-16 15:46:00,22.355506,70.159324,Industrial Road,Urban Road,Damage Only,1,0,0,0,0,0,0,0,0,0,Rollover,Speed Breaker,Rainy,Night - Street Light On,Moderate,Over Speeding,2023-12-16,2023,12,15,Saturday,Dec,0,0,0,Afternoon
ACC00895,Junagadh,Veraval PS,2022-01-14 07:40:00,24.351792,73.912049,NH-8,National Highway,Minor,4,0,0,3,0,0,0,0,0,1,Pedestrian Hit,Curve,Clear,Night - No Street Light,Poor,Wrong Side Driving,2022-01-14,2022,1,7,Friday,Jan,1,0,4,Morning
ACC00896,Ahmedabad,Bodakdev PS,2021-05-17 11:53:00,24.488833,71.694252,SH-41,National Highway,Minor,1,0,0,1,0,0,1,0,0,0,Head-On,Unknown,Rainy,Night - Street Light On,Poor,Unknown,2021-05-17,2021,5,11,Monday,May,1,0,2,Morning
ACC00898,Vadodara,Fatehgunj PS,2021-08-25 06:10:00,23.259215,71.000172,Bypass Road,National Highway,Fatal,4,1,0,0,0,2,0,0,1,0,Pedestrian Hit,Straight Road,Clear,Daylight,Good,Drunk Driving,2021-08-25,2021,8,6,Wednesday,Aug,3,1,3,Morning
ACC00899,Vadodara,Waghodiya PS,2024-09-17 23:59:00,22.11313,73.930543,Expressway,Urban Road,Fatal,3,0,1,0,2,2,2,0,0,1,Single Vehicle,Junction/Intersection,Hazy,Night - Street Light On,Unknown,No Seatbelt,2024-09-17,2024,9,23,Tuesday,Sep,3,2,6,Night
ACC00900,Vadodara,Waghodiya PS,2021-12-27 03:05:00,23.73325,72.039695,NH-53,National Highway,Fatal,0,1,2,0,0,1,1,0,0,1,Side Impact,Speed Breaker,Unknown,Night - No Street Light,Moderate,Signal Jumping,2021-12-27,2021,12,3,Monday,Dec,3,1,5,Night
ACC00901,Surat,Katargam PS,2024-09-27 18:38:00,23.684407,73.28801,NH-8,Rural Road,Minor,4,0,0,2,0,0,2,0,0,1,Head-On,Bridge,Clear,Night - Street Light On,Poor,Wrong Side Driving,2024-09-27,2024,9,18,Friday,Sep,1,0,5,Evening
ACC00902,Junagadh,Veraval PS,2023-03-05 09:48:00,21.075258,74.03153,Expressway,State Highway,Grievous,3,0,1,2,0,0,1,0,1,1,Pedestrian Hit,Curve,Cloudy,Daylight,Unknown,Drunk Driving,2023-03-05,2023,3,9,Sunday,Mar,2,0,6,Morning
ACC00903,Surat,Katargam PS,2024-05-11 19:03:00,23.419118,70.785053,Industrial Road,State Highway,Minor,3,0,0,2,0,0,0,0,0,0,Head-On,Curve,Rainy,Night - No Street Light,Good,No Helmet,2024-05-11,2024,5,19,Saturday,May,1,0,2,Evening
ACC00904,Rajkot,Kalavad Road PS,2021-03-08 07:03:00,22.934231,70.654902,Bypass Road,Urban Road,Grievous,1,0,2,1,0,2,2,0,1,1,Rollover,Pothole Area,Cloudy,Night - No Street Light,Unknown,Mobile Phone Use,2021-03-08,2021,3,7,Monday,Mar,2,0,9,Morning
ACC00906,Mehsana,Unjha PS,2023-05-18 16:02:00,22.477519,72.322225,Bypass Road,Urban Road,Minor,4,0,0,1,0,0,0,0,0,0,Head-On,Straight Road,Unknown,Daylight,Poor,Over Speeding,2023-05-18,2023,5,16,Thursday,May,1,0,1,Afternoon
ACC00909,Gandhinagar,Kalol PS,2023-03-18 13:52:00,21.724875,69.615451,NH-53,State Highway,Minor,4,0,0,2,0,0,0,0,0,1,Single Vehicle,Straight Road,Clear,Daylight,Poor,No Seatbelt,2023-03-18,2023,3,13,Saturday,Mar,1,0,3,Afternoon
ACC00910,Bharuch,Amod PS,2021-02-21 02:50:00,22.155884,71.044359,SH-14,District Road,Grievous,1,0,3,2,0,2,2,0,0,1,Head-On,Unknown,Unknown,Night - No Street Light,Moderate,Unknown,2021-02-21,2021,2,2,Sunday,Feb,2,0,10,Night
ACC00911,Bharuch,Ankleshwar PS,2024-09-29 22:04:00,20.891755,71.93575,NH-48,State Highway,Fatal,4,2,1,0,0,1,2,0,1,0,Pedestrian Hit,Pothole Area,Hazy,Dawn/Dusk,Unknown,Unknown,2024-09-29,2024,9,22,Sunday,Sep,3,2,5,Night
ACC00913,Rajkot,Bhaktinagar PS,2024-10-03 18:38:00,22.714928,71.946441,NH-8,District Road,Minor,2,0,0,1,0,0,0,0,0,1,Head-On,Flyover,Foggy,Night - Street Light On,Unknown,Unknown,2024-10-03,2024,10,18,Thursday,Oct,1,0,2,Evening
ACC00915,Rajkot,Kalavad Road PS,2024-11-02 22:48:00,22.459594,74.356223,Industrial Road,Urban Road,Grievous,3,0,3,2,0,0,0,0,1,1,Hit & Run,Straight Road,Clear,Dawn/Dusk,Good,Unknown,2024-11-02,2024,11,22,Saturday,Nov,2,0,7,Night
ACC00916,Gandhinagar,Dehgam PS,2021-10-11 05:48:00,24.455294,71.388262,Expressway,Rural Road,Minor,2,0,0,1,0,0,0,0,0,1,Rear-End,Bridge,Hazy,Night - No Street Light,Unknown,Over Speeding,2021-10-11,2021,10,5,Monday,Oct,1,0,2,Night
ACC00918,Vadodara,Gotri PS,2024-10-05 13:35:00,20.79201,70.570259,City Road,Urban Road,Minor,3,0,0,1,0,0,0,0,0,0,Pedestrian Hit,Pothole Area,Clear,Night - No Street Light,Good,Unknown,2024-10-05,2024,10,13,Saturday,Oct,1,0,1,Afternoon
ACC00920,Gandhinagar,Sector 21 PS,2024-05-23 13:44:00,23.941398,71.54483,Expressway,Rural Road,Grievous,3,0,1,0,0,0,1,0,1,0,Side Impact,Bridge,Clear,Night - No Street Light,Unknown,Unknown,2024-05-23,2024,5,13,Thursday,May,2,0,3,Afternoon
ACC00921,Ahmedabad,Bodakdev PS,2021-10-19 05:59:00,23.596226,70.661775,Airport Road,State Highway,Minor,4,0,0,3,0,0,2,0,0,0,Rollover,Speed Breaker,Hazy,Night - Street Light On,Poor,Unknown,2021-10-19,2021,10,5,Tuesday,Oct,1,0,5,Night
ACC00922,Bhavnagar,Bhavnagar City PS,2023-06-12 04:16:00,20.796158,71.421419,Industrial Road,State Highway,Minor,1,0,0,1,0,0,0,0,0,0,Rollover,Straight Road,Hazy,Daylight,Good,Mobile Phone Use,2023-06-12,2023,6,4,Monday,Jun,1,0,1,Night
ACC00924,Vadodara,Waghodiya PS,2022-07-25 09:31:00,20.673019,70.102667,NH-48,National Highway,Grievous,1,0,3,1,0,2,1,0,0,0,Pedestrian Hit,Junction/Intersection,Foggy,Daylight,Unknown,No Seatbelt,2022-07-25,2022,7,9,Monday,Jul,2,0,7,Morning
ACC00926,Junagadh,Junagadh City PS,2022-04-09 10:39:00,21.91479,69.769667,Ring Road,State Highway,Damage Only,4,0,0,0,0,0,0,0,0,0,Rollover,Speed Breaker,Rainy,Dawn/Dusk,Unknown,Mobile Phone Use,2022-04-09,2022,4,10,Saturday,Apr,0,0,0,Morning
ACC00927,Bhavnagar,Talaja PS,2024-11-11 02:20:00,21.301607,72.257412,NH-27,Urban Road,Damage Only,4,0,0,0,0,0,0,0,0,0,Head-On,Pothole Area,Hazy,Night - Street Light On,Good,Unknown,2024-11-11,2024,11,2,Monday,Nov,0,0,0,Night
ACC00930,Anand,Borsad PS,2024-10-29 08:50:00,24.063196,70.817442,Ring Road,Urban Road,Minor,3,0,0,2,0,0,1,0,0,1,Head-On,Bridge,Foggy,Night - Street Light On,Good,Mobile Phone Use,2024-10-29,2024,10,8,Tuesday,Oct,1,0,4,Morning